Unnamed: 0,Unnamed: 0.1,begin,end,mention,tag,POS,morph,mentionLen,POSno,morphNoPunct,mentionLenNoPunct,tokenBegin,tokenEnd,distance,tag_occurrences,interdistance,Source,School_Level,origin
47,24,450,467,la même maitresse,ext1,"['DET', 'ADJ', 'NOUN']","['Definite=Def|Gender=Fem|Number=Sing|PronType=Art', 'Number=Sing', 'Gender=Fem|Number=Sing']",3,"['DET', 'ADJ', 'NOUN']","['Definite=Def|Gender=Fem|Number=Sing|PronType=Art', 'Number=Sing', 'Gender=Fem|Number=Sing']",3,92.0,94.0,1,1,0,NORM-EC-CE1-2015-104-D1-S824-V1.csv,CE1,sn_def
131,7,360,367,le loup,wolf,"['DET', 'NOUN']","['Definite=Def|Gender=Masc|Number=Sing|PronType=Art', 'Gender=Masc|Number=Sing']",2,"['DET', 'NOUN']","['Definite=Def|Gender=Masc|Number=Sing|PronType=Art', 'Gender=Masc|Number=Sing']",2,62.0,63.0,1,2,51,NORM-EC-CE1-2015-108-D1-S2984-V1.csv,CE1,sn_def
133,9,139,152,les deux amis,cat+ext1,"['DET', 'NUM', 'NOUN']","['Definite=Def|Number=Plur|PronType=Art', 'NumType=Card', 'Gender=Masc|Number=Plur']",3,"['DET', 'NUM', 'NOUN']","['Definite=Def|Number=Plur|PronType=Art', 'NumType=Card', 'Gender=Masc|Number=Plur']",3,26.0,28.0,4,1,0,NORM-EC-CE1-2015-108-D1-S2984-V1.csv,CE1,sn_def
143,19,281,289,le tigre,ext4,"['DET', 'NOUN']","['Definite=Def|Gender=Masc|Number=Sing|PronType=Art', 'Gender=Masc|Number=Sing']",2,"['DET', 'NOUN']","['Definite=Def|Gender=Masc|Number=Sing|PronType=Art', 'Gender=Masc|Number=Sing']",2,48.0,49.0,3,1,0,NORM-EC-CE1-2015-108-D1-S2984-V1.csv,CE1,sn_def
175,4,141,154,L' autre chat,cat1,"['DET', 'ADJ', 'NOUN']","['Definite=Def|Number=Sing|PronType=Art', 'Number=Sing', 'Gender=Masc|Number=Sing']",3,"['DET', 'ADJ', 'NOUN']","['Definite=Def|Number=Sing|PronType=Art', 'Number=Sing', 'Gender=Masc|Number=Sing']",3,27.0,29.0,4,2,12,NORM-EC-CE1-2015-115-D1-S1337-V1.csv,CE1,sn_def
183,7,77,86,la souris,ext1,"['DET', 'NOUN']","['Definite=Def|Gender=Fem|Number=Sing|PronType=Art', 'Gender=Fem|Number=Plur']",2,"['DET', 'NOUN']","['Definite=Def|Gender=Fem|Number=Sing|PronType=Art', 'Gender=Fem|Number=Plur']",2,15.0,16.0,1,2,4,NORM-EC-CE1-2015-115-D1-S1339-V1.csv,CE1,sn_def
185,9,161,170,l' oiseau,ext2,"['DET', 'NOUN']","['Definite=Def|Number=Sing|PronType=Art', 'Gender=Masc|Number=Sing']",2,"['DET', 'NOUN']","['Definite=Def|Number=Sing|PronType=Art', 'Gender=Masc|Number=Sing']",2,31.0,32.0,1,2,7,NORM-EC-CE1-2015-115-D1-S1339-V1.csv,CE1,sn_def
192,6,118,129,les oiseaux,ext2,"['DET', 'NOUN']","['Definite=Def|Number=Plur|PronType=Art', 'Gender=Masc|Number=Plur']",2,"['DET', 'NOUN']","['Definite=Def|Number=Plur|PronType=Art', 'Gender=Masc|Number=Plur']",2,23.0,24.0,3,2,5,NORM-EC-CE1-2015-115-D1-S1355-V1.csv,CE1,sn_def
214,0,0,7,Le chat,cat,"['DET', 'NOUN']","['Definite=Def|Gender=Masc|Number=Sing|PronType=Art', 'Gender=Masc|Number=Sing']",2,"['DET', 'NOUN']","['Definite=Def|Gender=Masc|Number=Sing|PronType=Art', 'Gender=Masc|Number=Sing']",2,0.0,1.0,0,1,0,NORM-EC-CE1-2015-120-D1-S2446-V1.csv,CE1,sn_def
216,2,64,72,Le robot,robot,"['DET', 'NOUN']","['Definite=Def|Gender=Masc|Number=Sing|PronType=Art', 'Gender=Masc|Number=Sing']",2,"['DET', 'NOUN']","['Definite=Def|Gender=Masc|Number=Sing|PronType=Art', 'Gender=Masc|Number=Sing']",2,14.0,15.0,8,1,0,NORM-EC-CE1-2015-120-D1-S2446-V1.csv,CE1,sn_def
217,3,89,96,Le loup,wolf,"['DET', 'NOUN']","['Definite=Def|Gender=Masc|Number=Sing|PronType=Art', 'Gender=Masc|Number=Sing']",2,"['DET', 'NOUN']","['Definite=Def|Gender=Masc|Number=Sing|PronType=Art', 'Gender=Masc|Number=Sing']",2,19.0,20.0,3,1,0,NORM-EC-CE1-2015-120-D1-S2446-V1.csv,CE1,sn_def
218,4,109,120,les enfants,ext1,"['DET', 'NOUN']","['Definite=Def|Number=Plur|PronType=Art', 'Number=Plur']",2,"['DET', 'NOUN']","['Definite=Def|Number=Plur|PronType=Art', 'Number=Plur']",2,23.0,24.0,2,1,0,NORM-EC-CE1-2015-120-D1-S2446-V1.csv,CE1,sn_def
219,5,123,134,La sorcière,witch,"['DET', 'NOUN']","['Definite=Def|Gender=Fem|Number=Sing|PronType=Art', 'Gender=Fem|Number=Sing']",2,"['DET', 'NOUN']","['Definite=Def|Gender=Fem|Number=Sing|PronType=Art', 'Gender=Fem|Number=Sing']",2,25.0,26.0,0,1,0,NORM-EC-CE1-2015-120-D1-S2446-V1.csv,CE1,sn_def
235,15,208,216,Le chien,ext2,"['DET', 'NOUN']","['Definite=Def|Gender=Masc|Number=Sing|PronType=Art', 'Gender=Masc|Number=Sing']",2,"['DET', 'NOUN']","['Definite=Def|Gender=Masc|Number=Sing|PronType=Art', 'Gender=Masc|Number=Sing']",2,41.0,42.0,1,1,0,NORM-EC-CE1-2015-120-D1-S2449-V1.csv,CE1,sn_def
236,16,267,275,le chien,ext2,"['DET', 'NOUN']","['Definite=Def|Gender=Masc|Number=Sing|PronType=Art', 'Gender=Masc|Number=Sing']",2,"['DET', 'NOUN']","['Definite=Def|Gender=Masc|Number=Sing|PronType=Art', 'Gender=Masc|Number=Sing']",2,53.0,54.0,1,2,10,NORM-EC-CE1-2015-120-D1-S2449-V1.csv,CE1,sn_def
367,20,610,619,l' enfant,ext1,"['DET', 'NOUN']","['Definite=Def|Number=Sing|PronType=Art', 'Number=Sing']",2,"['DET', 'NOUN']","['Definite=Def|Number=Sing|PronType=Art', 'Number=Sing']",2,111.0,112.0,1,2,3,NORM-EC-CE1-2015-130-D1-S2530-V1.csv,CE1,sn_def
541,8,262,271,le cochon,ext1,"['DET', 'NOUN']","['Definite=Def|Gender=Masc|Number=Sing|PronType=Art', 'Gender=Masc|Number=Sing']",2,"['DET', 'NOUN']","['Definite=Def|Gender=Masc|Number=Sing|PronType=Art', 'Gender=Masc|Number=Sing']",2,49.0,50.0,8,1,0,NORM-EC-CE1-2015-20-D1-S560-V1.csv,CE1,sn_def
544,11,385,401,les deux cochons,ext1+ext2,"['DET', 'NUM', 'NOUN']","['Definite=Def|Number=Plur|PronType=Art', 'NumType=Card', 'Gender=Masc|Number=Plur']",3,"['DET', 'NUM', 'NOUN']","['Definite=Def|Number=Plur|PronType=Art', 'NumType=Card', 'Gender=Masc|Number=Plur']",3,75.0,77.0,8,1,0,NORM-EC-CE1-2015-20-D1-S560-V1.csv,CE1,sn_def
611,13,162,172,la moyenne,cat2,"['DET', 'NOUN']","['Definite=Def|Gender=Fem|Number=Sing|PronType=Art', 'Gender=Fem|Number=Sing']",2,"['DET', 'NOUN']","['Definite=Def|Gender=Fem|Number=Sing|PronType=Art', 'Gender=Fem|Number=Sing']",2,29.0,30.0,1,1,0,NORM-EC-CE1-2015-34-D1-S1190-V1.csv,CE1,sn_def
753,5,165,177,la maitresse,ext1,"['DET', 'NOUN']","['Definite=Def|Gender=Fem|Number=Sing|PronType=Art', 'Gender=Fem|Number=Sing']",2,"['DET', 'NOUN']","['Definite=Def|Gender=Fem|Number=Sing|PronType=Art', 'Gender=Fem|Number=Sing']",2,35.0,36.0,8,1,0,NORM-EC-CE1-2015-5-D1-S3049-V1.csv,CE1,sn_def
765,0,0,8,Le robot,robot,"['DET', 'NOUN']","['Definite=Def|Gender=Masc|Number=Sing|PronType=Art', 'Gender=Masc|Number=Sing']",2,"['DET', 'NOUN']","['Definite=Def|Gender=Masc|Number=Sing|PronType=Art', 'Gender=Masc|Number=Sing']",2,0.0,1.0,0,1,0,NORM-EC-CE1-2015-57-D1-S1985-V1.csv,CE1,sn_def
767,2,12,19,le chat,cat,"['DET', 'NOUN']","['Definite=Def|Gender=Masc|Number=Sing|PronType=Art', 'Gender=Masc|Number=Sing']",2,"['DET', 'NOUN']","['Definite=Def|Gender=Masc|Number=Sing|PronType=Art', 'Gender=Masc|Number=Sing']",2,3.0,4.0,1,1,0,NORM-EC-CE1-2015-57-D1-S1985-V1.csv,CE1,sn_def
838,9,211,223,la princesse,ext1,"['DET', 'NOUN']","['Definite=Def|Gender=Fem|Number=Sing|PronType=Art', 'Gender=Fem|Number=Sing']",2,"['DET', 'NOUN']","['Definite=Def|Gender=Fem|Number=Sing|PronType=Art', 'Gender=Fem|Number=Sing']",2,43.0,44.0,11,1,0,NORM-EC-CE1-2015-6-D1-S2035-V1.csv,CE1,sn_def
882,23,390,398,la vache,ext2,"['DET', 'NOUN']","['Definite=Def|Gender=Fem|Number=Sing|PronType=Art', 'Gender=Fem|Number=Sing']",2,"['DET', 'NOUN']","['Definite=Def|Gender=Fem|Number=Sing|PronType=Art', 'Gender=Fem|Number=Sing']",2,72.0,73.0,4,2,31,NORM-EC-CE1-2015-67-D1-S1302-V1.csv,CE1,sn_def
884,25,473,483,les poules,ext3,"['DET', 'NOUN']","['Definite=Def|Number=Plur|PronType=Art', 'Gender=Fem|Number=Plur']",2,"['DET', 'NOUN']","['Definite=Def|Number=Plur|PronType=Art', 'Gender=Fem|Number=Plur']",2,88.0,89.0,2,2,39,NORM-EC-CE1-2015-67-D1-S1302-V1.csv,CE1,sn_def
886,27,293,305,des poussins,ext5,"['ADP', 'NOUN']","['Definite=Def|Number=Plur|PronType=Art', 'Gender=Masc|Number=Plur']",2,"['ADP', 'NOUN']","['Definite=Def|Number=Plur|PronType=Art', 'Gender=Masc|Number=Plur']",2,52.0,53.0,1,1,0,NORM-EC-CE1-2015-67-D1-S1302-V1.csv,CE1,sn_def
992,0,0,8,Le robot,robot,"['DET', 'NOUN']","['Definite=Def|Gender=Masc|Number=Sing|PronType=Art', 'Gender=Masc|Number=Sing']",2,"['DET', 'NOUN']","['Definite=Def|Gender=Masc|Number=Sing|PronType=Art', 'Gender=Masc|Number=Sing']",2,0.0,1.0,0,1,0,NORM-EC-CE1-2015-85-D1-S1981-V1.csv,CE1,sn_def
993,1,51,59,le robot,robot,"['DET', 'NOUN']","['Definite=Def|Gender=Masc|Number=Sing|PronType=Art', 'Gender=Masc|Number=Sing']",2,"['DET', 'NOUN']","['Definite=Def|Gender=Masc|Number=Sing|PronType=Art', 'Gender=Masc|Number=Sing']",2,12.0,13.0,1,2,10,NORM-EC-CE1-2015-85-D1-S1981-V1.csv,CE1,sn_def
1066,5,39,48,le voisin,ext1,"['DET', 'NOUN']","['Definite=Def|Gender=Masc|Number=Sing|PronType=Art', 'Gender=Masc|Number=Sing']",2,"['DET', 'NOUN']","['Definite=Def|Gender=Masc|Number=Sing|PronType=Art', 'Gender=Masc|Number=Sing']",2,9.0,10.0,1,1,0,NORM-EC-CE1-2015-91-D1-S771-V1.csv,CE1,sn_def
1067,6,77,86,la chatte,cat1,"['DET', 'NOUN']","['Definite=Def|Gender=Fem|Number=Sing|PronType=Art', 'Gender=Fem|Number=Sing']",2,"['DET', 'NOUN']","['Definite=Def|Gender=Fem|Number=Sing|PronType=Art', 'Gender=Fem|Number=Sing']",2,16.0,17.0,4,1,0,NORM-EC-CE1-2015-91-D1-S771-V1.csv,CE1,sn_def
1285,11,217,224,le loup,wolf,"['DET', 'NOUN']","['Definite=Def|Gender=Masc|Number=Sing|PronType=Art', 'Gender=Masc|Number=Sing']",2,"['DET', 'NOUN']","['Definite=Def|Gender=Masc|Number=Sing|PronType=Art', 'Gender=Masc|Number=Sing']",2,38.0,39.0,1,1,0,NORM-EC-CE2-2016-102-D1-S211-V1.csv,CE2,sn_def
1341,49,1164,1173,l' enfant,ext3,"['DET', 'NOUN']","['Definite=Def|Number=Sing|PronType=Art', 'Number=Sing']",2,"['DET', 'NOUN']","['Definite=Def|Number=Sing|PronType=Art', 'Number=Sing']",2,222.0,223.0,7,2,122,NORM-EC-CE2-2016-104-D1-S855-V1.csv,CE2,sn_def
1458,50,360,381,La maîtresse de Toufi,ext2,"['DET', 'NOUN', 'ADP', 'NOUN']","['Definite=Def|Gender=Fem|Number=Sing|PronType=Art', 'Gender=Fem|Number=Sing', 'Gender=Masc|Number=Sing']",4,"['DET', 'NOUN', 'ADP', 'NOUN']","['Definite=Def|Gender=Fem|Number=Sing|PronType=Art', 'Gender=Fem|Number=Sing', 'Gender=Masc|Number=Sing']",4,67.0,70.0,6,1,0,NORM-EC-CE2-2016-115-D1-S1346-V1.csv,CE2,sn_def
1626,37,86,105,le premier Grisette,cat,"['DET', 'ADJ', 'NOUN']","['Definite=Def|Gender=Masc|Number=Sing|PronType=Art', 'Gender=Masc|NumType=Ord|Number=Sing', 'Gender=Masc|Number=Sing']",3,"['DET', 'ADJ', 'NOUN']","['Definite=Def|Gender=Masc|Number=Sing|PronType=Art', 'Gender=Masc|NumType=Ord|Number=Sing', 'Gender=Masc|Number=Sing']",3,15.0,17.0,0,1,0,NORM-EC-CE2-2016-126-D1-S1851-V1.csv,CE2,sn_def
1885,6,189,201,le chat noir,cat,"['DET', 'NOUN', 'ADJ']","['Definite=Def|Gender=Masc|Number=Sing|PronType=Art', 'Gender=Masc|Number=Sing', 'Gender=Masc|Number=Sing']",3,"['DET', 'NOUN', 'ADJ']","['Definite=Def|Gender=Masc|Number=Sing|PronType=Art', 'Gender=Masc|Number=Sing', 'Gender=Masc|Number=Sing']",3,34.0,36.0,13,2,24,NORM-EC-CE2-2016-28-D1-S1173-V1.csv,CE2,sn_def
1925,10,301,314,Les habitants,ext1,"['DET', 'NOUN']","['Definite=Def|Number=Plur|PronType=Art', 'Gender=Masc|Number=Plur']",2,"['DET', 'NOUN']","['Definite=Def|Number=Plur|PronType=Art', 'Gender=Masc|Number=Plur']",2,58.0,59.0,10,1,0,NORM-EC-CE2-2016-28-D1-S3060-V1.csv,CE2,sn_def
2062,23,487,496,la chatte,cat1,"['DET', 'NOUN']","['Definite=Def|Gender=Fem|Number=Sing|PronType=Art', 'Gender=Fem|Number=Sing']",2,"['DET', 'NOUN']","['Definite=Def|Gender=Fem|Number=Sing|PronType=Art', 'Gender=Fem|Number=Sing']",2,90.0,91.0,2,2,2,NORM-EC-CE2-2016-37-D1-S1538-V1.csv,CE2,sn_def
2120,21,385,399,Les deux chats,cat+cat1,"['DET', 'NUM', 'NOUN']","['Definite=Def|Number=Plur|PronType=Art', 'NumType=Card', 'Gender=Masc|Number=Plur']",3,"['DET', 'NUM', 'NOUN']","['Definite=Def|Number=Plur|PronType=Art', 'NumType=Card', 'Gender=Masc|Number=Plur']",3,72.0,74.0,0,1,0,NORM-EC-CE2-2016-37-D1-S1554-V1.csv,CE2,sn_def
2125,0,0,22,Le chat de la sorcière,cat,"['DET', 'NOUN', 'ADP', 'DET', 'NOUN']","['Definite=Def|Gender=Masc|Number=Sing|PronType=Art', 'Gender=Masc|Number=Sing', 'Definite=Def|Gender=Fem|Number=Sing|PronType=Art', 'Gender=Fem|Number=Sing']",5,"['DET', 'NOUN', 'ADP', 'DET', 'NOUN']","['Definite=Def|Gender=Masc|Number=Sing|PronType=Art', 'Gender=Masc|Number=Sing', 'Definite=Def|Gender=Fem|Number=Sing|PronType=Art', 'Gender=Fem|Number=Sing']",5,0.0,4.0,0,1,0,NORM-EC-CE2-2016-37-D1-S1627-V1.csv,CE2,sn_def
2136,11,274,282,la chose,ext1,"['DET', 'NOUN']","['Definite=Def|Gender=Fem|Number=Sing|PronType=Art', 'Gender=Fem|Number=Sing']",2,"['DET', 'NOUN']","['Definite=Def|Gender=Fem|Number=Sing|PronType=Art', 'Gender=Fem|Number=Sing']",2,52.0,53.0,3,2,4,NORM-EC-CE2-2016-37-D1-S1627-V1.csv,CE2,sn_def
2454,26,892,906,les villageois,ext1,"['DET', 'NOUN']","['Definite=Def|Number=Plur|PronType=Art', 'Gender=Masc|Number=Plur']",2,"['DET', 'NOUN']","['Definite=Def|Number=Plur|PronType=Art', 'Gender=Masc|Number=Plur']",2,169.0,170.0,3,1,0,NORM-EC-CE2-2016-67-D1-S1099-V1.csv,CE2,sn_def
2629,22,353,370,le chaperon rouge,ext2,"['DET', 'NOUN', 'ADJ']","['Definite=Def|Gender=Masc|Number=Sing|PronType=Art', 'Gender=Masc|Number=Sing', 'Number=Sing']",3,"['DET', 'NOUN', 'ADJ']","['Definite=Def|Gender=Masc|Number=Sing|PronType=Art', 'Gender=Masc|Number=Sing', 'Number=Sing']",3,66.0,68.0,9,1,0,NORM-EC-CE2-2016-69-D1-S2886-V1.csv,CE2,sn_def
2630,23,687,698,le chaperon,ext2,"['DET', 'NOUN']","['Definite=Def|Gender=Masc|Number=Sing|PronType=Art', 'Gender=Masc|Number=Sing']",2,"['DET', 'NOUN']","['Definite=Def|Gender=Masc|Number=Sing|PronType=Art', 'Gender=Masc|Number=Sing']",2,130.0,131.0,10,2,61,NORM-EC-CE2-2016-69-D1-S2886-V1.csv,CE2,sn_def
2666,7,419,426,le chat,cat,"['DET', 'NOUN']","['Definite=Def|Gender=Masc|Number=Sing|PronType=Art', 'Gender=Masc|Number=Sing']",2,"['DET', 'NOUN']","['Definite=Def|Gender=Masc|Number=Sing|PronType=Art', 'Gender=Masc|Number=Sing']",2,76.0,77.0,6,2,67,NORM-EC-CE2-2016-69-D1-S2905-V1.csv,CE2,sn_def
2670,11,140,162,la reine d' Angleterre,ext2,"['DET', 'NOUN', 'ADP', 'PROPN']","['Definite=Def|Gender=Fem|Number=Sing|PronType=Art', 'Gender=Fem|Number=Sing', 'Gender=Fem|Number=Sing']",4,"['DET', 'NOUN', 'ADP', 'PROPN']","['Definite=Def|Gender=Fem|Number=Sing|PronType=Art', 'Gender=Fem|Number=Sing', 'Gender=Fem|Number=Sing']",4,25.0,28.0,1,1,0,NORM-EC-CE2-2016-69-D1-S2905-V1.csv,CE2,sn_def
2933,23,103,135,La maman du petit chaperon rouge,ext3,"['DET', 'NOUN', 'ADP', 'ADJ', 'NOUN', 'ADJ']","['Definite=Def|Gender=Fem|Number=Sing|PronType=Art', 'Gender=Fem|Number=Sing', 'Definite=Def|Gender=Masc|Number=Sing|PronType=Art', 'Gender=Masc|Number=Sing', 'Gender=Masc|Number=Sing', 'Number=Sing']",6,"['DET', 'NOUN', 'ADP', 'ADJ', 'NOUN', 'ADJ']","['Definite=Def|Gender=Fem|Number=Sing|PronType=Art', 'Gender=Fem|Number=Sing', 'Definite=Def|Gender=Masc|Number=Sing|PronType=Art', 'Gender=Masc|Number=Sing', 'Gender=Masc|Number=Sing', 'Number=Sing']",6,17.0,22.0,3,1,0,NORM-EC-CE2-2016-91-D1-S1160-V1.csv,CE2,sn_def
2953,13,390,397,le chat,cat,"['DET', 'NOUN']","['Definite=Def|Gender=Masc|Number=Sing|PronType=Art', 'Gender=Masc|Number=Sing']",2,"['DET', 'NOUN']","['Definite=Def|Gender=Masc|Number=Sing|PronType=Art', 'Gender=Masc|Number=Sing']",2,70.0,71.0,1,2,49,NORM-EC-CE2-2016-91-D1-S1164-V1.csv,CE2,sn_def
3082,25,523,530,le cerf,ext1,"['DET', 'NOUN']","['Definite=Def|Gender=Masc|Number=Sing|PronType=Art', 'Gender=Masc|Number=Sing']",2,"['DET', 'NOUN']","['Definite=Def|Gender=Masc|Number=Sing|PronType=Art', 'Gender=Masc|Number=Sing']",2,97.0,98.0,0,2,60,NORM-EC-CE2-2016-98-D1-S816-V1.csv,CE2,sn_def
3084,27,512,520,la biche,ext2,"['DET', 'NOUN']","['Definite=Def|Gender=Fem|Number=Sing|PronType=Art', 'Gender=Fem|Number=Sing']",2,"['DET', 'NOUN']","['Definite=Def|Gender=Fem|Number=Sing|PronType=Art', 'Gender=Fem|Number=Sing']",2,95.0,96.0,4,2,57,NORM-EC-CE2-2016-98-D1-S816-V1.csv,CE2,sn_def
3087,30,534,543,le renard,ext4,"['DET', 'NOUN']","['Definite=Def|Gender=Masc|Number=Sing|PronType=Art', 'Gender=Masc|Number=Sing']",2,"['DET', 'NOUN']","['Definite=Def|Gender=Masc|Number=Sing|PronType=Art', 'Gender=Masc|Number=Sing']",2,100.0,101.0,1,2,60,NORM-EC-CE2-2016-98-D1-S816-V1.csv,CE2,sn_def
3100,43,624,637,Les chasseurs,ext5,"['DET', 'NOUN']","['Definite=Def|Number=Plur|PronType=Art', 'Gender=Masc|Number=Plur']",2,"['DET', 'NOUN']","['Definite=Def|Number=Plur|PronType=Art', 'Gender=Masc|Number=Plur']",2,116.0,117.0,4,1,0,NORM-EC-CE2-2016-98-D1-S816-V1.csv,CE2,sn_def
3101,44,686,699,des chasseurs,ext5,"['ADP', 'NOUN']","['Definite=Def|Number=Plur|PronType=Art', 'Gender=Masc|Number=Plur']",2,"['ADP', 'NOUN']","['Definite=Def|Number=Plur|PronType=Art', 'Gender=Masc|Number=Plur']",2,127.0,128.0,3,2,9,NORM-EC-CE2-2016-98-D1-S816-V1.csv,CE2,sn_def
1628,39,108,128,le deuxième Myrtille,cat1,"['DET', 'ADJ', 'PROPN']","['Definite=Def|Gender=Masc|Number=Sing|PronType=Art', 'NumType=Ord|Number=Sing', 'Gender=Fem|Number=Sing']",3,"['DET', 'ADJ', 'PROPN']","['Definite=Def|Gender=Masc|Number=Sing|PronType=Art', 'NumType=Ord|Number=Sing', 'Gender=Fem|Number=Sing']",3,18.0,20.0,0,1,0,NORM-EC-CE2-2016-126-D1-S1851-V1.csv,CE2,sn_def
1629,40,132,152,le troisième Canelle,cat2,"['DET', 'ADJ', 'PROPN']","['Definite=Def|Gender=Masc|Number=Sing|PronType=Art', 'NumType=Ord|Number=Sing']",3,"['DET', 'ADJ', 'PROPN']","['Definite=Def|Gender=Masc|Number=Sing|PronType=Art', 'NumType=Ord|Number=Sing']",3,22.0,24.0,1,1,0,NORM-EC-CE2-2016-126-D1-S1851-V1.csv,CE2,sn_def
609,11,123,137,la plus petite,cat1,"['DET', 'ADV', 'ADJ']","['Definite=Def|Gender=Fem|Number=Sing|PronType=Art', 'Gender=Fem|Number=Sing']",3,"['DET', 'ADV', 'ADJ']","['Definite=Def|Gender=Fem|Number=Sing|PronType=Art', 'Gender=Fem|Number=Sing']",3,22.0,24.0,0,1,0,NORM-EC-CE1-2015-34-D1-S1190-V1.csv,CE1,sn_def
18,7,72,79,un loup,wolf,"['DET', 'NOUN']","['Definite=Ind|Gender=Masc|Number=Sing|PronType=Art', 'Gender=Masc|Number=Sing']",2,"['DET', 'NOUN']","['Definite=Ind|Gender=Masc|Number=Sing|PronType=Art', 'Gender=Masc|Number=Sing']",2,16.0,17.0,2,1,0,NORM-EC-CE1-2015-102-D1-S217-V1.csv,CE1,sn_indef
130,6,44,51,un loup,wolf,"['DET', 'NOUN']","['Definite=Ind|Gender=Masc|Number=Sing|PronType=Art', 'Gender=Masc|Number=Sing']",2,"['DET', 'NOUN']","['Definite=Ind|Gender=Masc|Number=Sing|PronType=Art', 'Gender=Masc|Number=Sing']",2,9.0,10.0,1,1,0,NORM-EC-CE1-2015-108-D1-S2984-V1.csv,CE1,sn_indef
132,8,97,107,une girafe,ext1,"['DET', 'NOUN']","['Definite=Ind|Gender=Fem|Number=Sing|PronType=Art', 'Gender=Fem|Number=Sing']",2,"['DET', 'NOUN']","['Definite=Ind|Gender=Fem|Number=Sing|PronType=Art', 'Gender=Fem|Number=Sing']",2,19.0,20.0,1,1,0,NORM-EC-CE1-2015-108-D1-S2984-V1.csv,CE1,sn_indef
135,11,183,191,un lapin,ext2,"['DET', 'NOUN']","['Definite=Ind|Gender=Masc|Number=Sing|PronType=Art', 'Gender=Masc|Number=Sing']",2,"['DET', 'NOUN']","['Definite=Ind|Gender=Masc|Number=Sing|PronType=Art', 'Gender=Masc|Number=Sing']",2,33.0,34.0,1,1,0,NORM-EC-CE1-2015-108-D1-S2984-V1.csv,CE1,sn_indef
142,18,232,239,un lion,ext3,"['DET', 'NOUN']","['Definite=Ind|Gender=Masc|Number=Sing|PronType=Art', 'Gender=Masc|Number=Sing']",2,"['DET', 'NOUN']","['Definite=Ind|Gender=Masc|Number=Sing|PronType=Art', 'Gender=Masc|Number=Sing']",2,40.0,41.0,1,1,0,NORM-EC-CE1-2015-108-D1-S2984-V1.csv,CE1,sn_indef
169,25,113,123,une souris,ext1,"['DET', 'NOUN']","['Definite=Ind|Gender=Fem|Number=Sing|PronType=Art', 'Gender=Fem|Number=Plur']",2,"['DET', 'NOUN']","['Definite=Ind|Gender=Fem|Number=Sing|PronType=Art', 'Gender=Fem|Number=Plur']",2,21.0,22.0,1,1,0,NORM-EC-CE1-2015-108-D1-S2986-V1.csv,CE1,sn_indef
174,3,58,71,un autre chat,cat1,"['DET', 'ADJ', 'NOUN']","['Definite=Ind|Gender=Masc|Number=Sing|PronType=Art', 'Number=Sing', 'Gender=Masc|Number=Sing']",3,"['DET', 'ADJ', 'NOUN']","['Definite=Ind|Gender=Masc|Number=Sing|PronType=Art', 'Number=Sing', 'Gender=Masc|Number=Sing']",3,12.0,14.0,5,1,0,NORM-EC-CE1-2015-115-D1-S1337-V1.csv,CE1,sn_indef
182,6,47,57,une souris,ext1,"['DET', 'NOUN']","['Definite=Ind|Gender=Fem|Number=Sing|PronType=Art', 'Gender=Fem|Number=Plur']",2,"['DET', 'NOUN']","['Definite=Ind|Gender=Fem|Number=Sing|PronType=Art', 'Gender=Fem|Number=Plur']",2,9.0,10.0,0,1,0,NORM-EC-CE1-2015-115-D1-S1339-V1.csv,CE1,sn_indef
184,8,115,124,un oiseau,ext2,"['DET', 'NOUN']","['Definite=Ind|Gender=Masc|Number=Sing|PronType=Art', 'Gender=Masc|Number=Sing']",2,"['DET', 'NOUN']","['Definite=Ind|Gender=Masc|Number=Sing|PronType=Art', 'Gender=Masc|Number=Sing']",2,22.0,23.0,1,1,0,NORM-EC-CE1-2015-115-D1-S1339-V1.csv,CE1,sn_indef
189,3,60,69,une fille,ext1,"['DET', 'NOUN']","['Definite=Ind|Gender=Fem|Number=Sing|PronType=Art', 'Gender=Fem|Number=Sing']",2,"['DET', 'NOUN']","['Definite=Ind|Gender=Fem|Number=Sing|PronType=Art', 'Gender=Fem|Number=Sing']",2,12.0,13.0,4,1,0,NORM-EC-CE1-2015-115-D1-S1355-V1.csv,CE1,sn_indef
191,5,80,91,des oiseaux,ext2,"['DET', 'NOUN']","['Definite=Ind|Number=Plur|PronType=Art', 'Gender=Masc|Number=Plur']",2,"['DET', 'NOUN']","['Definite=Ind|Number=Plur|PronType=Art', 'Gender=Masc|Number=Plur']",2,16.0,17.0,1,1,0,NORM-EC-CE1-2015-115-D1-S1355-V1.csv,CE1,sn_indef
366,19,582,591,un enfant,ext1,"['DET', 'NOUN']","['Definite=Ind|Gender=Masc|Number=Sing|PronType=Art', 'Gender=Masc|Number=Sing']",2,"['DET', 'NOUN']","['Definite=Ind|Gender=Masc|Number=Sing|PronType=Art', 'Gender=Masc|Number=Sing']",2,106.0,107.0,4,1,0,NORM-EC-CE1-2015-130-D1-S2530-V1.csv,CE1,sn_indef
429,8,254,265,des chatons,cat1,"['DET', 'NOUN']","['Definite=Ind|Number=Plur|PronType=Art', 'Gender=Masc|Number=Plur']",2,"['DET', 'NOUN']","['Definite=Ind|Number=Plur|PronType=Art', 'Gender=Masc|Number=Plur']",2,45.0,46.0,1,1,0,NORM-EC-CE1-2015-14-D1-S1325-V1.csv,CE1,sn_indef
430,9,271,289,une chatte blanche,cat2,"['DET', 'NOUN', 'ADJ']","['Definite=Ind|Gender=Fem|Number=Sing|PronType=Art', 'Gender=Fem|Number=Sing', 'Gender=Fem|Number=Sing']",3,"['DET', 'NOUN', 'ADJ']","['Definite=Ind|Gender=Fem|Number=Sing|PronType=Art', 'Gender=Fem|Number=Sing', 'Gender=Fem|Number=Sing']",3,48.0,50.0,1,1,0,NORM-EC-CE1-2015-14-D1-S1325-V1.csv,CE1,sn_indef
499,15,309,323,un autre robot,robot1,"['DET', 'ADJ', 'NOUN']","['Definite=Ind|Gender=Masc|Number=Sing|PronType=Art', 'Number=Sing', 'Gender=Masc|Number=Sing']",3,"['DET', 'ADJ', 'NOUN']","['Definite=Ind|Gender=Masc|Number=Sing|PronType=Art', 'Number=Sing', 'Gender=Masc|Number=Sing']",3,57.0,59.0,3,1,0,NORM-EC-CE1-2015-20-D1-S102-V1.csv,CE1,sn_indef
531,31,666,677,un papillon,ext3,"['DET', 'NOUN']","['Definite=Ind|Gender=Masc|Number=Sing|PronType=Art', 'Gender=Masc|Number=Sing']",2,"['DET', 'NOUN']","['Definite=Ind|Gender=Masc|Number=Sing|PronType=Art', 'Gender=Masc|Number=Sing']",2,122.0,123.0,1,1,0,NORM-EC-CE1-2015-20-D1-S114-V1.csv,CE1,sn_indef
591,0,18,29,un monsieur,ext1,"['DET', 'NOUN']","['Definite=Ind|Gender=Masc|Number=Sing|PronType=Art', 'Gender=Masc|Number=Sing']",2,"['DET', 'NOUN']","['Definite=Ind|Gender=Masc|Number=Sing|PronType=Art', 'Gender=Masc|Number=Sing']",2,4.0,5.0,4,1,0,NORM-EC-CE1-2015-34-D1-S1188-V1.csv,CE1,sn_indef
592,1,33,40,un chat,cat,"['DET', 'NOUN']","['Definite=Ind|Gender=Masc|Number=Sing|PronType=Art', 'Gender=Masc|Number=Sing']",2,"['DET', 'NOUN']","['Definite=Ind|Gender=Masc|Number=Sing|PronType=Art', 'Gender=Masc|Number=Sing']",2,7.0,8.0,1,1,0,NORM-EC-CE1-2015-34-D1-S1188-V1.csv,CE1,sn_indef
642,6,74,90,une vieille dame,ext1,"['DET', 'ADJ', 'NOUN']","['Definite=Ind|Gender=Fem|Number=Sing|PronType=Art', 'Gender=Fem|Number=Sing', 'Gender=Fem|Number=Sing']",3,"['DET', 'ADJ', 'NOUN']","['Definite=Ind|Gender=Fem|Number=Sing|PronType=Art', 'Gender=Fem|Number=Sing', 'Gender=Fem|Number=Sing']",3,14.0,16.0,7,1,0,NORM-EC-CE1-2015-37-D1-S1554-V1.csv,CE1,sn_indef
663,7,41,53,un chat noir,cat,"['DET', 'NOUN', 'ADJ']","['Definite=Ind|Gender=Masc|Number=Sing|PronType=Art', 'Gender=Masc|Number=Sing', 'Gender=Masc|Number=Sing']",3,"['DET', 'NOUN', 'ADJ']","['Definite=Ind|Gender=Masc|Number=Sing|PronType=Art', 'Gender=Masc|Number=Sing', 'Gender=Masc|Number=Sing']",3,8.0,10.0,1,1,0,NORM-EC-CE1-2015-37-D1-S1561-V1.csv,CE1,sn_indef
849,8,230,237,un chat,cat,"['DET', 'NOUN']","['Definite=Ind|Gender=Masc|Number=Sing|PronType=Art', 'Gender=Masc|Number=Sing']",2,"['DET', 'NOUN']","['Definite=Ind|Gender=Masc|Number=Sing|PronType=Art', 'Gender=Masc|Number=Sing']",2,41.0,42.0,3,1,0,NORM-EC-CE1-2015-66-D1-S221-V1.csv,CE1,sn_indef
883,24,268,278,des poules,ext3,"['DET', 'NOUN']","['Definite=Ind|Number=Plur|PronType=Art', 'Gender=Fem|Number=Plur']",2,"['DET', 'NOUN']","['Definite=Ind|Number=Plur|PronType=Art', 'Gender=Fem|Number=Plur']",2,47.0,48.0,1,1,0,NORM-EC-CE1-2015-67-D1-S1302-V1.csv,CE1,sn_indef
885,26,281,289,des coqs,ext4,"['DET', 'NOUN']","['Definite=Ind|Number=Plur|PronType=Art', 'Gender=Masc|Number=Plur']",2,"['DET', 'NOUN']","['Definite=Ind|Number=Plur|PronType=Art', 'Gender=Masc|Number=Plur']",2,49.0,50.0,0,1,0,NORM-EC-CE1-2015-67-D1-S1302-V1.csv,CE1,sn_indef
1155,6,172,181,un chaton,cat,"['DET', 'NOUN']","['Definite=Ind|Gender=Masc|Number=Sing|PronType=Art', 'Gender=Masc|Number=Sing']",2,"['DET', 'NOUN']","['Definite=Ind|Gender=Masc|Number=Sing|PronType=Art', 'Gender=Masc|Number=Sing']",2,29.0,30.0,9,1,0,NORM-EC-CE1-2015-98-D1-S1693-V1.csv,CE1,sn_indef
1167,0,18,30,une sorcière,witch,"['DET', 'NOUN']","['Definite=Ind|Gender=Fem|Number=Sing|PronType=Art', 'Gender=Fem|Number=Sing']",2,"['DET', 'NOUN']","['Definite=Ind|Gender=Fem|Number=Sing|PronType=Art', 'Gender=Fem|Number=Sing']",2,4.0,5.0,4,1,0,NORM-EC-CE1-2015-98-D1-S818-V1.csv,CE1,sn_indef
1169,2,80,87,un loup,wolf,"['DET', 'NOUN']","['Definite=Ind|Gender=Masc|Number=Sing|PronType=Art', 'Gender=Masc|Number=Sing']",2,"['DET', 'NOUN']","['Definite=Ind|Gender=Masc|Number=Sing|PronType=Art', 'Gender=Masc|Number=Sing']",2,16.0,17.0,9,1,0,NORM-EC-CE1-2015-98-D1-S818-V1.csv,CE1,sn_indef
1340,48,543,552,un enfant,ext3,"['DET', 'NOUN']","['Definite=Ind|Gender=Masc|Number=Sing|PronType=Art', 'Gender=Masc|Number=Sing']",2,"['DET', 'NOUN']","['Definite=Ind|Gender=Masc|Number=Sing|PronType=Art', 'Gender=Masc|Number=Sing']",2,98.0,99.0,3,1,0,NORM-EC-CE2-2016-104-D1-S855-V1.csv,CE2,sn_indef
1833,13,123,150,d' autres robots maléfiques,robot1,"['DET', 'ADJ', 'NOUN', 'ADJ']","['Definite=Ind|Number=Plur|PronType=Art', 'Number=Plur', 'Gender=Masc|Number=Plur', 'Number=Plur']",4,"['DET', 'ADJ', 'NOUN', 'ADJ']","['Definite=Ind|Number=Plur|PronType=Art', 'Number=Plur', 'Gender=Masc|Number=Plur', 'Number=Plur']",4,23.0,26.0,1,1,0,NORM-EC-CE2-2016-20-D1-S113-V1.csv,CE2,sn_indef
1840,20,356,383,une armée de robots romains,robot3,"['DET', 'NOUN', 'ADP', 'NOUN', 'ADJ']","['Definite=Ind|Gender=Fem|Number=Sing|PronType=Art', 'Gender=Fem|Number=Sing', 'Gender=Masc|Number=Plur', 'Gender=Masc|Number=Plur']",5,"['DET', 'NOUN', 'ADP', 'NOUN', 'ADJ']","['Definite=Ind|Gender=Fem|Number=Sing|PronType=Art', 'Gender=Fem|Number=Sing', 'Gender=Masc|Number=Plur', 'Gender=Masc|Number=Plur']",5,64.0,68.0,4,1,0,NORM-EC-CE2-2016-20-D1-S113-V1.csv,CE2,sn_indef
1926,11,414,430,une femelle loup,wolf1,"['DET', 'NOUN', 'ADJ']","['Definite=Ind|Gender=Fem|Number=Sing|PronType=Art', 'Gender=Fem|Number=Sing', 'Gender=Masc|Number=Sing']",3,"['DET', 'NOUN', 'ADJ']","['Definite=Ind|Gender=Fem|Number=Sing|PronType=Art', 'Gender=Fem|Number=Sing', 'Gender=Masc|Number=Sing']",3,78.0,80.0,2,1,0,NORM-EC-CE2-2016-28-D1-S3060-V1.csv,CE2,sn_indef
2061,22,468,478,une chatte,cat1,"['DET', 'NOUN']","['Definite=Ind|Gender=Fem|Number=Sing|PronType=Art', 'Gender=Fem|Number=Sing']",2,"['DET', 'NOUN']","['Definite=Ind|Gender=Fem|Number=Sing|PronType=Art', 'Gender=Fem|Number=Sing']",2,86.0,87.0,2,1,0,NORM-EC-CE2-2016-37-D1-S1538-V1.csv,CE2,sn_indef
2098,25,814,824,une chatte,cat1,"['DET', 'NOUN']","['Definite=Ind|Gender=Fem|Number=Sing|PronType=Art', 'Gender=Fem|Number=Sing']",2,"['DET', 'NOUN']","['Definite=Ind|Gender=Fem|Number=Sing|PronType=Art', 'Gender=Fem|Number=Sing']",2,160.0,161.0,0,1,0,NORM-EC-CE2-2016-37-D1-S1544-V1.csv,CE2,sn_indef
2135,10,202,247,quelque chose de noir caché derrière un arbre,ext1,"['DET', 'NOUN', 'ADP', 'NOUN', 'VERB', 'ADP', 'DET', 'NOUN']","['Definite=Ind|Number=Sing|PronType=Art', 'Gender=Fem|Number=Sing', 'Gender=Masc|Number=Sing', 'Gender=Masc|Number=Sing|Tense=Past|VerbForm=Part', 'Definite=Ind|Gender=Masc|Number=Sing|PronType=Art', 'Gender=Masc|Number=Sing']",8,"['DET', 'NOUN', 'ADP', 'NOUN', 'VERB', 'ADP', 'DET', 'NOUN']","['Definite=Ind|Number=Sing|PronType=Art', 'Gender=Fem|Number=Sing', 'Gender=Masc|Number=Sing', 'Gender=Masc|Number=Sing|Tense=Past|VerbForm=Part', 'Definite=Ind|Gender=Masc|Number=Sing|PronType=Art', 'Gender=Masc|Number=Sing']",8,40.0,47.0,1,1,0,NORM-EC-CE2-2016-37-D1-S1627-V1.csv,CE2,sn_indef
2307,0,18,44,une sorcière très méchante,witch,"['DET', 'NOUN', 'ADV', 'ADJ']","['Definite=Ind|Gender=Fem|Number=Sing|PronType=Art', 'Gender=Fem|Number=Sing', 'Gender=Fem|Number=Sing']",4,"['DET', 'NOUN', 'ADV', 'ADJ']","['Definite=Ind|Gender=Fem|Number=Sing|PronType=Art', 'Gender=Fem|Number=Sing', 'Gender=Fem|Number=Sing']",4,4.0,7.0,4,1,0,NORM-EC-CE2-2016-5-D1-S3034-V1.csv,CE2,sn_indef
2360,12,194,212,une autre sorcière,witch1,"['DET', 'ADJ', 'NOUN']","['Definite=Ind|Gender=Fem|Number=Sing|PronType=Art', 'Number=Sing', 'Gender=Fem|Number=Sing']",3,"['DET', 'ADJ', 'NOUN']","['Definite=Ind|Gender=Fem|Number=Sing|PronType=Art', 'Number=Sing', 'Gender=Fem|Number=Sing']",3,34.0,36.0,3,1,0,NORM-EC-CE2-2016-6-D1-S1991-V1.csv,CE2,sn_indef
2669,10,114,136,des gens d' Angleterre,ext1,"['DET', 'NOUN', 'ADP', 'PROPN']","['Definite=Ind|Number=Plur|PronType=Art', 'Gender=Masc|Number=Plur', 'Gender=Fem|Number=Sing']",4,"['DET', 'NOUN', 'ADP', 'PROPN']","['Definite=Ind|Number=Plur|PronType=Art', 'Gender=Masc|Number=Plur', 'Gender=Fem|Number=Sing']",4,20.0,23.0,10,1,0,NORM-EC-CE2-2016-69-D1-S2905-V1.csv,CE2,sn_indef
2720,23,443,461,une petite famille,cat+ext1,"['DET', 'ADJ', 'NOUN']","['Definite=Ind|Gender=Fem|Number=Sing|PronType=Art', 'Gender=Fem|Number=Sing', 'Gender=Fem|Number=Sing']",3,"['DET', 'ADJ', 'NOUN']","['Definite=Ind|Gender=Fem|Number=Sing|PronType=Art', 'Gender=Fem|Number=Sing', 'Gender=Fem|Number=Sing']",3,83.0,85.0,8,1,0,NORM-EC-CE2-2016-69-D1-S2907-V1.csv,CE2,sn_indef
2732,3,145,160,une femelle rat,ext1,"['DET', 'NOUN', 'NOUN']","['Definite=Ind|Gender=Fem|Number=Sing|PronType=Art', 'Gender=Fem|Number=Sing', 'Gender=Masc|Number=Sing']",3,"['DET', 'NOUN', 'NOUN']","['Definite=Ind|Gender=Fem|Number=Sing|PronType=Art', 'Gender=Fem|Number=Sing', 'Gender=Masc|Number=Sing']",3,28.0,30.0,1,1,0,NORM-EC-CE2-2016-85-D1-S1962-V1.csv,CE2,sn_indef
2745,16,403,412,un enfant,ext3,"['DET', 'NOUN']","['Definite=Ind|Gender=Masc|Number=Sing|PronType=Art', 'Gender=Masc|Number=Sing']",2,"['DET', 'NOUN']","['Definite=Ind|Gender=Masc|Number=Sing|PronType=Art', 'Gender=Masc|Number=Sing']",2,83.0,84.0,2,1,0,NORM-EC-CE2-2016-85-D1-S1962-V1.csv,CE2,sn_indef
3080,23,165,189,toutes sortes d' animaux,ext1+ext2+ext3+ext4,"['DET', 'NOUN', 'ADP', 'NOUN']","['Definite=Ind|Gender=Fem|Number=Plur|PronType=Art', 'Gender=Fem|Number=Plur', 'Gender=Masc|Number=Plur']",4,"['DET', 'NOUN', 'ADP', 'NOUN']","['Definite=Ind|Gender=Fem|Number=Plur|PronType=Art', 'Gender=Fem|Number=Plur', 'Gender=Masc|Number=Plur']",4,32.0,35.0,2,1,0,NORM-EC-CE2-2016-98-D1-S816-V1.csv,CE2,sn_indef
1225,28,253,262,un savant,ext1,"['DET', 'NOUN']","['Definite=Ind|Gender=Masc|Number=Sing|PronType=Art', 'Gender=Masc|Number=Sing']",2,"['DET', 'ADJ']","['Definite=Ind|Gender=Masc|Number=Sing|PronType=Art', 'Gender=Masc|Number=Sing']",2,47.0,48.0,1,1,0,NORM-EC-CE2-2016-102-D1-S202-V1.csv,CE2,sn_indef
212,19,309,319,ton maitre,ext1,"['DET', 'NOUN']","['Number=Sing|Poss=Yes', 'Gender=Masc|Number=Sing']",2,"['DET', 'NOUN']","['Number=Sing|Poss=Yes', 'Gender=Masc|Number=Sing']",2,58.0,59.0,0,1,0,NORM-EC-CE1-2015-117-D1-S3012-V1.csv,CE1,sn_poss
213,20,323,335,ta maitresse,ext1,"['DET', 'NOUN']","['Gender=Fem|Number=Sing|Poss=Yes', 'Gender=Fem|Number=Sing']",2,"['DET', 'NOUN']","['Gender=Fem|Number=Sing|Poss=Yes', 'Gender=Fem|Number=Sing']",2,61.0,62.0,0,2,1,NORM-EC-CE1-2015-117-D1-S3012-V1.csv,CE1,sn_poss
543,10,282,291,son frère,ext2,"['DET', 'NOUN']","['Number=Sing|Poss=Yes', 'Gender=Masc|Number=Sing']",2,"['DET', 'NOUN']","['Number=Sing|Poss=Yes', 'Gender=Masc|Number=Sing']",2,53.0,54.0,0,1,0,NORM-EC-CE1-2015-20-D1-S560-V1.csv,CE1,sn_poss
546,13,412,422,leur frère,ext3,"['DET', 'NOUN']","['Number=Sing|Poss=Yes', 'Gender=Masc|Number=Sing']",2,"['DET', 'NOUN']","['Number=Sing|Poss=Yes', 'Gender=Masc|Number=Sing']",2,80.0,81.0,0,1,0,NORM-EC-CE1-2015-20-D1-S560-V1.csv,CE1,sn_poss
614,16,191,208,leur grande soeur,cat3,"['DET', 'ADJ', 'NOUN']","['Number=Sing|Poss=Yes', 'Gender=Fem|Number=Sing', 'Gender=Fem|Number=Sing']",3,"['DET', 'ADJ', 'NOUN']","['Number=Sing|Poss=Yes', 'Gender=Fem|Number=Sing', 'Gender=Fem|Number=Sing']",3,35.0,37.0,0,1,0,NORM-EC-CE1-2015-34-D1-S1190-V1.csv,CE1,sn_poss
627,11,233,241,sa maman,ext1,"['DET', 'NOUN']","['Gender=Fem|Number=Sing|Poss=Yes', 'Gender=Fem|Number=Sing']",2,"['DET', 'NOUN']","['Gender=Fem|Number=Sing|Poss=Yes', 'Gender=Fem|Number=Sing']",2,44.0,45.0,0,1,0,NORM-EC-CE1-2015-34-D1-S1197-V1.csv,CE1,sn_poss
673,17,266,277,Mes parents,ext2,"['DET', 'NOUN']","['Number=Plur|Poss=Yes', 'Gender=Masc|Number=Plur']",2,"['DET', 'NOUN']","['Number=Plur|Poss=Yes', 'Gender=Masc|Number=Plur']",2,48.0,49.0,1,1,0,NORM-EC-CE1-2015-37-D1-S1561-V1.csv,CE1,sn_poss
789,10,170,178,son chat,cat,"['DET', 'NOUN']","['Number=Sing|Poss=Yes', 'Gender=Masc|Number=Sing']",2,"['DET', 'NOUN']","['Number=Sing|Poss=Yes', 'Gender=Masc|Number=Sing']",2,33.0,34.0,0,1,0,NORM-EC-CE1-2015-6-D1-S2003-V1.csv,CE1,sn_poss
881,22,230,240,ses vaches,ext2,"['DET', 'NOUN']","['Number=Plur|Poss=Yes', 'Gender=Fem|Number=Plur']",2,"['DET', 'NOUN']","['Number=Plur|Poss=Yes', 'Gender=Fem|Number=Plur']",2,39.0,40.0,0,1,0,NORM-EC-CE1-2015-67-D1-S1302-V1.csv,CE1,sn_poss
1072,11,200,210,son maitre,ext2,"['DET', 'NOUN']","['Number=Sing|Poss=Yes', 'Gender=Masc|Number=Sing']",2,"['DET', 'NOUN']","['Number=Sing|Poss=Yes', 'Gender=Masc|Number=Sing']",2,38.0,39.0,0,1,0,NORM-EC-CE1-2015-91-D1-S771-V1.csv,CE1,sn_poss
1566,24,81,92,sa patronne,ext1,"['DET', 'NOUN']","['Gender=Fem|Number=Sing|Poss=Yes', 'Gender=Fem|Number=Sing']",2,"['DET', 'NOUN']","['Gender=Fem|Number=Sing|Poss=Yes', 'Gender=Fem|Number=Sing']",2,16.0,17.0,0,1,0,NORM-EC-CE2-2016-126-D1-S1845-V1.csv,CE2,sn_poss
1567,25,301,312,sa patronne,ext1,"['DET', 'NOUN']","['Gender=Fem|Number=Sing|Poss=Yes', 'Gender=Fem|Number=Sing']",2,"['DET', 'NOUN']","['Gender=Fem|Number=Sing|Poss=Yes', 'Gender=Fem|Number=Sing']",2,61.0,62.0,0,2,43,NORM-EC-CE2-2016-126-D1-S1845-V1.csv,CE2,sn_poss
1588,10,106,119,ma grand-mère,ext2,"['DET', 'NOUN']","['Gender=Fem|Number=Sing|Poss=Yes', 'Gender=Fem|Number=Sing']",2,"['DET', 'NOUN']","['Gender=Fem|Number=Sing|Poss=Yes', 'Gender=Fem|Number=Sing']",2,20.0,21.0,0,1,0,NORM-EC-CE2-2016-126-D1-S1848-V1.csv,CE2,sn_poss
1662,24,223,234,mes copains,ext1,"['DET', 'NOUN']","['Number=Plur|Poss=Yes', 'Gender=Masc|Number=Plur']",2,"['DET', 'NOUN']","['Number=Plur|Poss=Yes', 'Gender=Masc|Number=Plur']",2,42.0,43.0,0,1,0,NORM-EC-CE2-2016-14-D1-S1323-V1.csv,CE2,sn_poss
1841,21,465,477,leurs alliés,ext1,"['DET', 'NOUN']","['Number=Plur|Poss=Yes', 'Gender=Masc|Number=Plur']",2,"['DET', 'NOUN']","['Number=Plur|Poss=Yes', 'Gender=Masc|Number=Plur']",2,83.0,84.0,0,1,0,NORM-EC-CE2-2016-20-D1-S113-V1.csv,CE2,sn_poss
1884,5,36,49,son chat noir,cat,"['DET', 'NOUN', 'ADJ']","['Number=Sing|Poss=Yes', 'Gender=Masc|Number=Sing', 'Gender=Masc|Number=Sing']",3,"['DET', 'NOUN', 'ADJ']","['Number=Sing|Poss=Yes', 'Gender=Masc|Number=Sing', 'Gender=Masc|Number=Sing']",3,7.0,9.0,0,1,0,NORM-EC-CE2-2016-28-D1-S1173-V1.csv,CE2,sn_poss
2019,25,449,457,mes amis,cat+wolf,"['DET', 'NOUN']","['Number=Plur|Poss=Yes', 'Gender=Masc|Number=Plur']",2,"['DET', 'NOUN']","['Number=Plur|Poss=Yes', 'Gender=Masc|Number=Plur']",2,92.0,93.0,0,1,0,NORM-EC-CE2-2016-34-D1-S1212-V1.csv,CE2,sn_poss
2320,7,228,236,son chat,cat,"['DET', 'NOUN']","['Number=Sing|Poss=Yes', 'Gender=Masc|Number=Sing']",2,"['DET', 'NOUN']","['Number=Sing|Poss=Yes', 'Gender=Masc|Number=Sing']",2,39.0,40.0,0,1,0,NORM-EC-CE2-2016-57-D1-S1143-V1.csv,CE2,sn_poss
2453,25,633,641,mon chat,cat,"['DET', 'NOUN']","['Number=Sing|Poss=Yes', 'Gender=Masc|Number=Sing']",2,"['DET', 'NOUN']","['Number=Sing|Poss=Yes', 'Gender=Masc|Number=Sing']",2,122.0,123.0,0,1,0,NORM-EC-CE2-2016-67-D1-S1099-V1.csv,CE2,sn_poss
2587,7,50,63,son chat noir,cat,"['DET', 'NOUN', 'ADJ']","['Number=Sing|Poss=Yes', 'Gender=Masc|Number=Sing', 'Gender=Masc|Number=Sing']",3,"['DET', 'NOUN', 'ADJ']","['Number=Sing|Poss=Yes', 'Gender=Masc|Number=Sing', 'Gender=Masc|Number=Sing']",3,9.0,11.0,0,1,0,NORM-EC-CE2-2016-69-D1-S2883-V1.csv,CE2,sn_poss
2665,6,34,42,son chat,cat,"['DET', 'NOUN']","['Number=Sing|Poss=Yes', 'Gender=Masc|Number=Sing']",2,"['DET', 'NOUN']","['Number=Sing|Poss=Yes', 'Gender=Masc|Number=Sing']",2,7.0,8.0,0,1,0,NORM-EC-CE2-2016-69-D1-S2905-V1.csv,CE2,sn_poss
2843,31,155,166,Nos voisins,ext3,"['DET', 'NOUN']","['Number=Plur|Poss=Yes', 'Gender=Masc|Number=Plur']",2,"['DET', 'NOUN']","['Number=Plur|Poss=Yes', 'Gender=Masc|Number=Plur']",2,29.0,30.0,0,1,0,NORM-EC-CE2-2016-89-D1-S83-V1.csv,CE2,sn_poss
2845,33,219,232,ta grand-mère,ext4,"['DET', 'NOUN']","['Gender=Fem|Number=Sing|Poss=Yes', 'Gender=Fem|Number=Sing']",2,"['DET', 'NOUN']","['Gender=Fem|Number=Sing|Poss=Yes', 'Gender=Fem|Number=Sing']",2,42.0,43.0,0,1,0,NORM-EC-CE2-2016-89-D1-S83-V1.csv,CE2,sn_poss
2846,34,510,523,ma grand-mère,ext4,"['DET', 'NOUN']","['Gender=Fem|Number=Sing|Poss=Yes', 'Gender=Fem|Number=Sing']",2,"['DET', 'NOUN']","['Gender=Fem|Number=Sing|Poss=Yes', 'Gender=Fem|Number=Sing']",2,101.0,102.0,0,2,57,NORM-EC-CE2-2016-89-D1-S83-V1.csv,CE2,sn_poss
2952,12,101,109,son chat,cat,"['DET', 'NOUN']","['Number=Sing|Poss=Yes', 'Gender=Masc|Number=Sing']",2,"['DET', 'NOUN']","['Number=Sing|Poss=Yes', 'Gender=Masc|Number=Sing']",2,19.0,20.0,0,1,0,NORM-EC-CE2-2016-91-D1-S1164-V1.csv,CE2,sn_poss
3138,12,232,251,son ami le chasseur,ext1,"['DET', 'NOUN', 'DET', 'NOUN']","['Number=Sing|Poss=Yes', 'Gender=Masc|Number=Sing', 'Definite=Def|Gender=Masc|Number=Sing|PronType=Art', 'Gender=Masc|Number=Sing']",4,"['DET', 'NOUN', 'DET', 'NOUN']","['Number=Sing|Poss=Yes', 'Gender=Masc|Number=Sing', 'Definite=Def|Gender=Masc|Number=Sing|PronType=Art', 'Gender=Masc|Number=Sing']",4,42.0,45.0,0,1,0,NORM-EC-CE2-2016-98-D1-S940-V1.csv,CE2,sn_poss
215,1,22,24,va,cat,['VERB'],['Mood=Ind|Number=Sing|Person=3|Tense=Pres|VerbForm=Fin'],1,['VERB'],['Mood=Ind|Number=Sing|Person=3|Tense=Pres|VerbForm=Fin'],1,5.0,5.0,3,2,3,NORM-EC-CE1-2015-120-D1-S2446-V1.csv,CE1,verb
1109,17,385,394,se disent,cat+wolf,"['PRON', 'VERB']","['Person=3|Reflex=Yes', 'Mood=Ind|Number=Plur|Person=3|Tense=Pres|VerbForm=Fin']",2,"['PRON', 'VERB']","['Person=3|Reflex=Yes', 'Mood=Ind|Number=Plur|Person=3|Tense=Pres|VerbForm=Fin']",2,74.0,75.0,3,1,0,NORM-EC-CE1-2015-91-D1-S982-V1.csv,CE1,verb
1774,12,181,188,étaient,cat+witch,['VERB'],['Mood=Ind|Number=Plur|Person=3|Tense=Imp|VerbForm=Fin'],1,['VERB'],['Mood=Ind|Number=Plur|Person=3|Tense=Imp|VerbForm=Fin'],1,32.0,32.0,7,2,7,NORM-EC-CE2-2016-17-D1-S576-V1.csv,CE2,verb
2060,21,413,423,décidèrent,ext1+ext2,['VERB'],['Mood=Cnd|Number=Plur|Person=3|Tense=Pres|VerbForm=Fin'],1,['VERB'],['Mood=Cnd|Number=Plur|Person=3|Tense=Pres|VerbForm=Fin'],1,77.0,77.0,0,2,29,NORM-EC-CE2-2016-37-D1-S1538-V1.csv,CE2,verb
2361,13,232,238,essaya,witch1,['VERB'],['Mood=Ind|Number=Sing|Person=3|Tense=Past|VerbForm=Fin'],1,['VERB'],['Mood=Ind|Number=Sing|Person=3|Tense=Past|VerbForm=Fin'],1,41.0,41.0,4,2,4,NORM-EC-CE2-2016-6-D1-S1991-V1.csv,CE2,verb
2735,6,208,212,font,cat+ext1,['VERB'],['Mood=Ind|Number=Plur|Person=3|Tense=Pres|VerbForm=Fin'],1,['VERB'],['Mood=Ind|Number=Plur|Person=3|Tense=Pres|VerbForm=Fin'],1,40.0,40.0,3,2,3,NORM-EC-CE2-2016-85-D1-S1962-V1.csv,CE2,verb
19,8,80,83,qui,wolf,['PRON'],['PronType=Rel'],1,['PRON'],['PronType=Rel'],1,18.0,18.0,0,2,0,NORM-EC-CE1-2015-102-D1-S217-V1.csv,CE1,pron
88,40,849,851,On,ext1+witch,['PRON'],['Gender=Masc|Number=Sing|Person=3'],1,['PRON'],['Gender=Masc|Number=Sing|Person=3'],1,162.0,162.0,1,1,0,NORM-EC-CE1-2015-104-D1-S841-V1.csv,CE1,pron
134,10,170,173,ils,cat+ext1,['PRON'],['Gender=Masc|Number=Plur|Person=3'],1,['PRON'],['Gender=Masc|Number=Plur|Person=3'],1,31.0,31.0,2,2,2,NORM-EC-CE1-2015-108-D1-S2984-V1.csv,CE1,pron
190,4,70,73,qui,ext1,['PRON'],['PronType=Rel'],1,['PRON'],['PronType=Rel'],1,14.0,14.0,0,2,0,NORM-EC-CE1-2015-115-D1-S1355-V1.csv,CE1,pron
306,16,42,45,qui,cat+witch,['PRON'],['PronType=Rel'],1,['PRON'],['PronType=Rel'],1,9.0,9.0,0,1,0,NORM-EC-CE1-2015-126-D1-S1850-V1.csv,CE1,pron
307,17,88,91,ils,cat+witch,['PRON'],['Gender=Masc|Number=Plur|Person=3'],1,['PRON'],['Gender=Masc|Number=Plur|Person=3'],1,16.0,16.0,6,2,6,NORM-EC-CE1-2015-126-D1-S1850-V1.csv,CE1,pron
428,7,194,197,ils,cat+witch,['PRON'],['Gender=Masc|Number=Plur|Person=3'],1,['PRON'],['Gender=Masc|Number=Plur|Person=3'],1,35.0,35.0,1,1,0,NORM-EC-CE1-2015-14-D1-S1325-V1.csv,CE1,pron
532,32,678,681,qui,ext3,['PRON'],['PronType=Rel'],1,['PRON'],['PronType=Rel'],1,124.0,124.0,0,2,0,NORM-EC-CE1-2015-20-D1-S114-V1.csv,CE1,pron
590,43,839,843,nous,cat+cat1,['PRON'],['Number=Plur|Person=1'],1,['PRON'],['Number=Plur|Person=1'],1,162.0,162.0,0,1,0,NORM-EC-CE1-2015-20-D1-S93-V1.csv,CE1,pron
731,15,149,152,Ils,cat+wolf,['PRON'],['Gender=Masc|Number=Plur|Person=3'],1,['PRON'],['Gender=Masc|Number=Plur|Person=3'],1,28.0,28.0,5,1,0,NORM-EC-CE1-2015-5-D1-S3026-V1.csv,CE1,pron
839,10,343,346,ils,ext1+ext2,['PRON'],['Gender=Masc|Number=Plur|Person=3'],1,['PRON'],['Gender=Masc|Number=Plur|Person=3'],1,67.0,67.0,16,1,0,NORM-EC-CE1-2015-6-D1-S2035-V1.csv,CE1,pron
935,17,454,456,on,robot+robot1,['PRON'],['Number=Sing|Person=3'],1,['PRON'],['Number=Sing|Person=3'],1,77.0,77.0,3,1,0,NORM-EC-CE1-2015-69-D1-S2886-V1.csv,CE1,pron
1042,16,209,211,on,witch+wolf,['PRON'],['Number=Sing|Person=3'],1,['PRON'],['Number=Sing|Person=3'],1,40.0,40.0,0,1,0,NORM-EC-CE1-2015-89-D1-S69-V1.csv,CE1,pron
1073,12,226,229,ils,cat+ext2,['PRON'],['Gender=Masc|Number=Plur|Person=3'],1,['PRON'],['Gender=Masc|Number=Plur|Person=3'],1,43.0,43.0,3,1,0,NORM-EC-CE1-2015-91-D1-S771-V1.csv,CE1,pron
1107,15,201,204,ils,ext1,['PRON'],['Gender=Masc|Number=Plur|Person=3'],1,['PRON'],['Gender=Masc|Number=Plur|Person=3'],1,37.0,37.0,3,1,0,NORM-EC-CE1-2015-91-D1-S982-V1.csv,CE1,pron
1108,16,276,280,vous,ext1,['PRON'],['Number=Plur|Person=2'],1,['PRON'],['Number=Plur|Person=2'],1,52.0,52.0,5,2,14,NORM-EC-CE1-2015-91-D1-S982-V1.csv,CE1,pron
1168,1,31,34,qui,witch,['PRON'],['PronType=Rel'],1,['PRON'],['PronType=Rel'],1,6.0,6.0,0,2,0,NORM-EC-CE1-2015-98-D1-S818-V1.csv,CE1,pron
1170,3,88,91,qui,wolf,['PRON'],['PronType=Rel'],1,['PRON'],['PronType=Rel'],1,18.0,18.0,0,2,0,NORM-EC-CE1-2015-98-D1-S818-V1.csv,CE1,pron
1226,29,263,266,qui,ext1,['PRON'],['PronType=Rel'],1,['PRON'],['PronType=Rel'],1,49.0,49.0,0,2,0,NORM-EC-CE2-2016-102-D1-S202-V1.csv,CE2,pron
1291,17,483,486,ils,cat+ext1,['PRON'],['Gender=Masc|Number=Plur|Person=3'],1,['PRON'],['Gender=Masc|Number=Plur|Person=3'],1,90.0,90.0,0,2,0,NORM-EC-CE2-2016-102-D1-S211-V1.csv,CE2,pron
1383,34,853,856,ils,cat+wolf,['PRON'],['Gender=Masc|Number=Plur|Person=3'],1,['PRON'],['Gender=Masc|Number=Plur|Person=3'],1,167.0,167.0,2,1,0,NORM-EC-CE2-2016-108-D1-S2983-V1.csv,CE2,pron
1459,51,1172,1174,on,cat+cat1,['PRON'],['Number=Sing|Person=3'],1,['PRON'],['Number=Sing|Person=3'],1,217.0,217.0,0,1,0,NORM-EC-CE2-2016-115-D1-S1346-V1.csv,CE2,pron
1478,18,158,161,Ils,cat+witch,['PRON'],['Gender=Masc|Number=Plur|Person=3'],1,['PRON'],['Gender=Masc|Number=Plur|Person=3'],1,27.0,27.0,3,1,0,NORM-EC-CE2-2016-115-D1-S1352-V1.csv,CE2,pron
1479,19,208,211,les,cat+witch,['PRON'],['Number=Plur|Person=3'],1,['PRON'],['Number=Plur|Person=3'],1,34.0,34.0,6,2,6,NORM-EC-CE2-2016-115-D1-S1352-V1.csv,CE2,pron
1489,9,34,36,me,ext2,['PRON'],['Number=Sing|Person=1'],1,['PRON'],['Number=Sing|Person=1'],1,8.0,8.0,0,1,0,NORM-EC-CE2-2016-117-D1-S3004-V1.csv,CE2,pron
1491,11,117,120,lui,ext3,['PRON'],['Number=Sing|Person=3'],1,['PRON'],['Number=Sing|Person=3'],1,21.0,21.0,0,2,1,NORM-EC-CE2-2016-117-D1-S3004-V1.csv,CE2,pron
1492,12,150,152,on,ext1+ext2+ext3,['PRON'],['Number=Sing|Person=3'],1,['PRON'],['Number=Sing|Person=3'],1,26.0,26.0,4,1,0,NORM-EC-CE2-2016-117-D1-S3004-V1.csv,CE2,pron
1493,13,214,216,on,ext1+ext2+ext3,['PRON'],['Number=Sing|Person=3'],1,['PRON'],['Number=Sing|Person=3'],1,38.0,38.0,2,2,11,NORM-EC-CE2-2016-117-D1-S3004-V1.csv,CE2,pron
1627,38,198,202,leur,cat,['PRON'],['Number=Plur|Person=3'],1,['PRON'],['Number=Plur|Person=3'],1,32.0,32.0,0,2,14,NORM-EC-CE2-2016-126-D1-S1851-V1.csv,CE2,pron
1663,25,448,450,on,cat+robot,['PRON'],['Number=Sing|Person=3'],1,['PRON'],['Number=Sing|Person=3'],1,82.0,82.0,5,1,0,NORM-EC-CE2-2016-14-D1-S1323-V1.csv,CE2,pron
1664,26,530,532,on,cat+robot,['PRON'],['Number=Sing|Person=3'],1,['PRON'],['Number=Sing|Person=3'],1,99.0,99.0,7,2,16,NORM-EC-CE2-2016-14-D1-S1323-V1.csv,CE2,pron
1740,50,922,925,Ils,cat+cat1+cat2,['PRON'],['Gender=Masc|Number=Plur|Person=3'],1,['PRON'],['Gender=Masc|Number=Plur|Person=3'],1,179.0,179.0,2,1,0,NORM-EC-CE2-2016-14-D1-S1512-V1.csv,CE2,pron
1741,51,958,961,Ils,cat+cat1+cat2,['PRON'],['Gender=Masc|Number=Plur|Person=3'],1,['PRON'],['Gender=Masc|Number=Plur|Person=3'],1,184.0,184.0,4,2,4,NORM-EC-CE2-2016-14-D1-S1512-V1.csv,CE2,pron
1773,11,136,141,elles,cat+witch,['PRON'],['Gender=Fem|Number=Plur|Person=3'],1,['PRON'],['Gender=Fem|Number=Plur|Person=3'],1,24.0,24.0,14,1,0,NORM-EC-CE2-2016-17-D1-S576-V1.csv,CE2,pron
1834,14,156,159,les,robot1,['PRON'],['Number=Plur|Person=3'],1,['PRON'],['Number=Plur|Person=3'],1,28.0,28.0,0,2,1,NORM-EC-CE2-2016-20-D1-S113-V1.csv,CE2,pron
1839,19,328,331,ils,robot2+witch,['PRON'],['Gender=Masc|Number=Plur|Person=3'],1,['PRON'],['Gender=Masc|Number=Plur|Person=3'],1,59.0,59.0,1,1,0,NORM-EC-CE2-2016-20-D1-S113-V1.csv,CE2,pron
1914,28,752,754,on,cat+witch+wolf,['PRON'],['Number=Sing|Person=3'],1,['PRON'],['Number=Sing|Person=3'],1,135.0,135.0,7,1,0,NORM-EC-CE2-2016-28-D1-S3057-V1.csv,CE2,pron
2020,26,489,492,ils,cat+robot+witch+wolf,['PRON'],['Gender=Masc|Number=Plur|Person=3'],1,['PRON'],['Gender=Masc|Number=Plur|Person=3'],1,100.0,100.0,3,1,0,NORM-EC-CE2-2016-34-D1-S1212-V1.csv,CE2,pron
2038,17,362,365,ils,cat+robot,['PRON'],['Gender=Masc|Number=Plur|Person=3'],1,['PRON'],['Gender=Masc|Number=Plur|Person=3'],1,76.0,76.0,2,1,0,NORM-EC-CE2-2016-37-D1-S1531-V1.csv,CE2,pron
2059,20,246,249,Ils,ext1+ext2,['PRON'],['Gender=Masc|Number=Plur|Person=3'],1,['PRON'],['Gender=Masc|Number=Plur|Person=3'],1,47.0,47.0,0,1,0,NORM-EC-CE2-2016-37-D1-S1538-V1.csv,CE2,pron
2063,24,535,538,ils,cat+cat1,['PRON'],['Gender=Masc|Number=Plur|Person=3'],1,['PRON'],['Gender=Masc|Number=Plur|Person=3'],1,99.0,99.0,5,1,0,NORM-EC-CE2-2016-37-D1-S1538-V1.csv,CE2,pron
2097,24,408,410,on,cat+robot,['PRON'],['Number=Sing|Person=3'],1,['PRON'],['Number=Sing|Person=3'],1,76.0,76.0,7,1,0,NORM-EC-CE2-2016-37-D1-S1544-V1.csv,CE2,pron
2121,22,575,579,vous,cat+cat1,['PRON'],['Number=Plur|Person=2'],1,['PRON'],['Number=Plur|Person=2'],1,106.0,106.0,6,2,31,NORM-EC-CE2-2016-37-D1-S1554-V1.csv,CE2,pron
2231,24,388,390,on,cat+robot,['PRON'],['Number=Sing|Person=3'],1,['PRON'],['Number=Sing|Person=3'],1,70.0,70.0,2,1,0,NORM-EC-CE2-2016-5-D1-S3027-V1.csv,CE2,pron
2308,1,55,59,elle,witch,['PRON'],['Gender=Fem|Number=Sing|Person=3'],1,['PRON'],['Gender=Fem|Number=Sing|Person=3'],1,10.0,10.0,2,2,2,NORM-EC-CE2-2016-5-D1-S3034-V1.csv,CE2,pron
2321,8,267,270,lui,cat,['PRON'],['Number=Sing|Person=3'],1,['PRON'],['Number=Sing|Person=3'],1,46.0,46.0,0,2,5,NORM-EC-CE2-2016-57-D1-S1143-V1.csv,CE2,pron
2347,25,601,604,les,robot+wolf,['PRON'],['Number=Plur|Person=3'],1,['PRON'],['Number=Plur|Person=3'],1,113.0,113.0,3,1,0,NORM-EC-CE2-2016-57-D1-S1986-V1.csv,CE2,pron
2359,11,132,135,les,cat+witch,['PRON'],['Number=Plur|Person=3'],1,['PRON'],['Number=Plur|Person=3'],1,23.0,23.0,7,1,0,NORM-EC-CE2-2016-6-D1-S1991-V1.csv,CE2,pron
2486,31,644,647,ils,cat+witch,['PRON'],['Gender=Masc|Number=Plur|Person=3'],1,['PRON'],['Gender=Masc|Number=Plur|Person=3'],1,121.0,121.0,2,1,0,NORM-EC-CE2-2016-67-D1-S1100-V1.csv,CE2,pron
2513,25,379,381,on,cat+robot,['PRON'],['Number=Sing|Person=3'],1,['PRON'],['Number=Sing|Person=3'],1,72.0,72.0,3,1,0,NORM-EC-CE2-2016-67-D1-S1101-V1.csv,CE2,pron
2514,26,668,671,Ils,cat+robot,['PRON'],['Gender=Masc|Number=Plur|Person=3'],1,['PRON'],['Gender=Masc|Number=Plur|Person=3'],1,130.0,130.0,17,2,57,NORM-EC-CE2-2016-67-D1-S1101-V1.csv,CE2,pron
2515,27,482,484,Il,ext1,['PRON'],['Gender=Masc|Number=Sing|Person=3'],1,['PRON'],['Gender=Masc|Number=Sing|Person=3'],1,91.0,91.0,3,1,0,NORM-EC-CE2-2016-67-D1-S1101-V1.csv,CE2,pron
2544,28,440,443,ils,cat+witch,['PRON'],['Gender=Masc|Number=Plur|Person=3'],1,['PRON'],['Gender=Masc|Number=Plur|Person=3'],1,85.0,85.0,1,1,0,NORM-EC-CE2-2016-67-D1-S1333-V1.csv,CE2,pron
2588,8,64,67,qui,cat+witch,['PRON'],['PronType=Rel'],1,['PRON'],['PronType=Rel'],1,12.0,12.0,0,1,0,NORM-EC-CE2-2016-69-D1-S2883-V1.csv,CE2,pron
2618,11,127,131,vous,ext1,['PRON'],['Number=Plur|Person=2'],1,['PRON'],['Number=Plur|Person=2'],1,26.0,26.0,4,2,6,NORM-EC-CE2-2016-69-D1-S2886-V1.csv,CE2,pron
2619,12,141,145,nous,cat+ext1,['PRON'],['Number=Plur|Person=1'],1,['PRON'],['Number=Plur|Person=1'],1,29.0,29.0,2,1,0,NORM-EC-CE2-2016-69-D1-S2886-V1.csv,CE2,pron
2667,8,43,46,qui,cat+witch,['PRON'],['PronType=Rel'],1,['PRON'],['PronType=Rel'],1,9.0,9.0,0,1,0,NORM-EC-CE2-2016-69-D1-S2905-V1.csv,CE2,pron
2668,9,255,258,ils,cat+witch,['PRON'],['Gender=Masc|Number=Plur|Person=3'],1,['PRON'],['Gender=Masc|Number=Plur|Person=3'],1,45.0,45.0,3,2,35,NORM-EC-CE2-2016-69-D1-S2905-V1.csv,CE2,pron
2671,12,232,236,elle,ext2,['PRON'],['Gender=Fem|Number=Sing|Person=3'],1,['PRON'],['Gender=Fem|Number=Sing|Person=3'],1,41.0,41.0,12,2,12,NORM-EC-CE2-2016-69-D1-S2905-V1.csv,CE2,pron
2733,4,163,167,elle,ext1,['PRON'],['Gender=Fem|Number=Sing|Person=3'],1,['PRON'],['Gender=Fem|Number=Sing|Person=3'],1,31.0,31.0,0,2,0,NORM-EC-CE2-2016-85-D1-S1962-V1.csv,CE2,pron
2734,5,188,191,ils,cat+ext1,['PRON'],['Gender=Masc|Number=Plur|Person=3'],1,['PRON'],['Gender=Masc|Number=Plur|Person=3'],1,36.0,36.0,4,1,0,NORM-EC-CE2-2016-85-D1-S1962-V1.csv,CE2,pron
2844,32,233,236,ils,ext3,['PRON'],['Gender=Masc|Number=Plur|Person=3'],1,['PRON'],['Gender=Masc|Number=Plur|Person=3'],1,44.0,44.0,0,2,13,NORM-EC-CE2-2016-89-D1-S83-V1.csv,CE2,pron
2872,20,115,117,on,cat+ext1,['PRON'],['Number=Sing|Person=3'],1,['PRON'],['Number=Sing|Person=3'],1,25.0,25.0,1,1,0,NORM-EC-CE2-2016-91-D1-S1152-V1.csv,CE2,pron
3052,41,550,554,vous,ext1+ext2,['PRON'],['Number=Plur|Person=2'],1,['PRON'],['Number=Plur|Person=2'],1,101.0,101.0,3,1,0,NORM-EC-CE2-2016-96-D1-S1926-V1.csv,CE2,pron
3115,13,291,294,Ils,cat+robot,['PRON'],['Gender=Masc|Number=Plur|Person=3'],1,['PRON'],['Gender=Masc|Number=Plur|Person=3'],1,51.0,51.0,1,1,0,NORM-EC-CE2-2016-98-D1-S834-V1.csv,CE2,pron
3116,14,324,327,ils,cat+robot,['PRON'],['Gender=Masc|Number=Plur|Person=3'],1,['PRON'],['Gender=Masc|Number=Plur|Person=3'],1,57.0,57.0,5,2,5,NORM-EC-CE2-2016-98-D1-S834-V1.csv,CE2,pron
3139,13,259,261,il,ext1,['PRON'],['Gender=Masc|Number=Sing|Person=3'],1,['PRON'],['Gender=Masc|Number=Sing|Person=3'],1,47.0,47.0,1,2,1,NORM-EC-CE2-2016-98-D1-S940-V1.csv,CE2,pron
3140,14,298,301,ils,cat+ext1,['PRON'],['Gender=Masc|Number=Plur|Person=3'],1,['PRON'],['Gender=Masc|Number=Plur|Person=3'],1,56.0,56.0,5,1,0,NORM-EC-CE2-2016-98-D1-S940-V1.csv,CE2,pron
1927,12,454,456,la,wolf1,['PRON'],['Definite=Def|Gender=Fem|Number=Sing|PronType=Art'],1,['DET'],['Definite=Def|Gender=Fem|Number=Sing|PronType=Art'],1,86.0,86.0,0,2,5,NORM-EC-CE2-2016-28-D1-S3060-V1.csv,CE2,pron
2746,17,442,444,le,ext3,['PRON'],['Definite=Def|Gender=Masc|Number=Sing|PronType=Art'],1,['DET'],['Definite=Def|Gender=Masc|Number=Sing|PronType=Art'],1,91.0,91.0,0,2,6,NORM-EC-CE2-2016-85-D1-S1962-V1.csv,CE2,pron
612,14,184,187,Ela,cat2,['PROPN'],['Gender=Masc|Number=Sing'],1,['PROPN'],['Gender=Masc|Number=Sing'],1,33.0,33.0,2,2,2,NORM-EC-CE1-2015-34-D1-S1190-V1.csv,CE1,propn
615,17,220,224,Lili,cat3,['PROPN'],[],1,['PROPN'],[],1,40.0,40.0,2,2,2,NORM-EC-CE1-2015-34-D1-S1190-V1.csv,CE1,propn
653,17,279,284,Ulise,cat3,['PROPN'],[],1,['PROPN'],[],1,51.0,51.0,2,2,2,NORM-EC-CE1-2015-37-D1-S1554-V1.csv,CE1,propn
766,1,81,85,Robi,robot,['PROPN'],[],1,['PROPN'],[],1,18.0,18.0,6,2,16,NORM-EC-CE1-2015-57-D1-S1985-V1.csv,CE1,propn
1148,8,132,149,François Hollande,ext1,"['PROPN', 'PROPN']",['Gender=Masc|Number=Sing'],2,"['PROPN', 'PROPN']",['Gender=Masc|Number=Sing'],2,27.0,28.0,3,1,0,NORM-EC-CE1-2015-98-D1-S1231-V1.csv,CE1,propn
1490,10,104,109,Anaïs,ext3,['PROPN'],[],1,['PROPN'],[],1,19.0,19.0,6,1,0,NORM-EC-CE2-2016-117-D1-S3004-V1.csv,CE2,propn
2066,27,581,585,Mini,cat2,['PROPN'],[],1,['PROPN'],[],1,108.0,108.0,2,1,0,NORM-EC-CE2-2016-37-D1-S1538-V1.csv,CE2,propn
2068,29,596,603,Abricot,cat4,['PROPN'],[],1,['PROPN'],[],1,110.0,110.0,0,1,0,NORM-EC-CE2-2016-37-D1-S1538-V1.csv,CE2,propn
2071,32,623,627,Bela,cat7,['PROPN'],[],1,['PROPN'],[],1,113.0,113.0,0,1,0,NORM-EC-CE2-2016-37-D1-S1538-V1.csv,CE2,propn
2072,33,631,637,Cerise,cat8,['PROPN'],[],1,['PROPN'],[],1,115.0,115.0,1,1,0,NORM-EC-CE2-2016-37-D1-S1538-V1.csv,CE2,propn
2069,30,606,611,Pomme,cat5,['PROPN'],['Gender=Fem|Number=Sing|Tense=Past|VerbForm=Part'],1,['VERB'],['Gender=Fem|Number=Sing|Tense=Past|VerbForm=Part'],1,111.0,111.0,0,1,0,NORM-EC-CE2-2016-37-D1-S1538-V1.csv,CE2,propn
768,3,44,57,Lilou le chat,cat,,"['Gender=Masc|Number=Sing', 'Definite=Def|Gender=Masc|Number=Sing|PronType=Art', 'Gender=Masc|Number=Sing']",3,"['PROPN', 'DET', 'NOUN']","['Gender=Masc|Number=Sing', 'Definite=Def|Gender=Masc|Number=Sing|PronType=Art', 'Gender=Masc|Number=Sing']",3,9.0,11.0,4,2,4,NORM-EC-CE1-2015-57-D1-S1985-V1.csv,CE1,propn
2067,28,588,593,Pêche,cat3,['PROPN'],['Gender=Fem|Number=Sing'],1,['NOUN'],['Gender=Fem|Number=Sing'],1,109.0,109.0,0,1,0,NORM-EC-CE2-2016-37-D1-S1538-V1.csv,CE2,propn
2070,31,614,620,Menthe,cat6,['PROPN'],['Gender=Fem|Number=Sing'],1,['NOUN'],['Gender=Fem|Number=Sing'],1,112.0,112.0,0,1,0,NORM-EC-CE2-2016-37-D1-S1538-V1.csv,CE2,propn
542,9,282,285,son,ext1,['DET'],['Number=Sing|Poss=Yes'],1,['DET'],['Number=Sing|Poss=Yes'],1,53.0,53.0,2,2,2,NORM-EC-CE1-2015-20-D1-S560-V1.csv,CE1,det_poss
545,12,412,416,leur,ext1+ext2,['DET'],['Number=Sing|Poss=Yes'],1,['DET'],['Number=Sing|Poss=Yes'],1,80.0,80.0,2,2,2,NORM-EC-CE1-2015-20-D1-S560-V1.csv,CE1,det_poss
613,15,191,195,leur,cat1+cat2,['DET'],['Number=Sing|Poss=Yes'],1,['DET'],['Number=Sing|Poss=Yes'],1,35.0,35.0,1,1,0,NORM-EC-CE1-2015-34-D1-S1190-V1.csv,CE1,det_poss
2487,32,673,677,leur,cat+witch,['DET'],['Number=Sing|Poss=Yes'],1,['DET'],['Number=Sing|Poss=Yes'],1,125.0,125.0,3,2,3,NORM-EC-CE2-2016-67-D1-S1100-V1.csv,CE2,det_poss
2842,30,155,158,Nos,ext1+ext2,['DET'],['Number=Plur|Poss=Yes'],1,['DET'],['Number=Plur|Poss=Yes'],1,29.0,29.0,1,1,0,NORM-EC-CE2-2016-89-D1-S83-V1.csv,CE2,det_poss
170,26,172,184,cette souris,ext1,"['DET', 'ADJ']","['Gender=Fem|Number=Sing|PronType=Dem', 'Gender=Fem|Number=Plur']",2,"['DET', 'ADJ']","['Gender=Fem|Number=Sing|PronType=Dem', 'Gender=Fem|Number=Plur']",2,33.0,34.0,2,2,10,NORM-EC-CE1-2015-108-D1-S2986-V1.csv,CE1,sn_dem
655,19,380,389,ces chats,cat+cat1+cat2+cat3,"['DET', 'NOUN']","['Number=Plur|PronType=Dem', 'Gender=Masc|Number=Plur']",2,"['DET', 'NOUN']","['Number=Plur|PronType=Dem', 'Gender=Masc|Number=Plur']",2,67.0,68.0,1,1,0,NORM-EC-CE1-2015-37-D1-S1554-V1.csv,CE1,sn_dem
2065,26,558,567,Ces bébés,cat2+cat3+cat4+cat5+cat6+cat7+cat8,"['DET', 'NOUN']","['Number=Plur|PronType=Dem', 'Gender=Masc|Number=Plur']",2,"['DET', 'NOUN']","['Number=Plur|PronType=Dem', 'Gender=Masc|Number=Plur']",2,104.0,105.0,0,2,0,NORM-EC-CE2-2016-37-D1-S1538-V1.csv,CE2,sn_dem
790,11,182,188,prince,cat,['NOUN'],['Gender=Masc|Number=Sing'],1,['NOUN'],['Gender=Masc|Number=Sing'],1,36.0,36.0,1,2,1,NORM-EC-CE1-2015-6-D1-S2003-V1.csv,CE1,sn_no_det
2736,7,222,229,enfants,ext2,['NOUN'],['Number=Plur'],1,['NOUN'],['Number=Plur'],1,43.0,43.0,2,1,0,NORM-EC-CE2-2016-85-D1-S1962-V1.csv,CE2,sn_no_det
3081,24,192,196,cerf,ext1,['NOUN'],['Gender=Masc|Number=Sing'],1,['NOUN'],['Gender=Masc|Number=Sing'],1,36.0,36.0,0,1,0,NORM-EC-CE2-2016-98-D1-S816-V1.csv,CE2,sn_no_det
3083,26,199,204,biche,ext2,['NOUN'],['Gender=Fem|Number=Sing'],1,['NOUN'],['Gender=Fem|Number=Sing'],1,37.0,37.0,0,1,0,NORM-EC-CE2-2016-98-D1-S816-V1.csv,CE2,sn_no_det
3086,29,220,226,renard,ext4,['NOUN'],['Gender=Masc|Number=Sing'],1,['NOUN'],['Gender=Masc|Number=Sing'],1,39.0,39.0,0,1,0,NORM-EC-CE2-2016-98-D1-S816-V1.csv,CE2,sn_no_det
3085,28,207,217,coccinelle,ext3,['NOUN'],['Gender=Fem|Number=Sing'],1,['ADJ'],['Gender=Fem|Number=Sing'],1,38.0,38.0,0,1,0,NORM-EC-CE2-2016-98-D1-S816-V1.csv,CE2,sn_no_det
1932,17,541,550,2 enfants,ext2,"['NUM', 'NOUN']","['NumType=Card', 'Number=Plur']",2,"['NUM', 'NOUN']","['NumType=Card', 'Number=Plur']",2,105.0,106.0,2,1,0,NORM-EC-CE2-2016-28-D1-S3060-V1.csv,CE2,numerals
2064,25,548,555,7 bébés,cat2+cat3+cat4+cat5+cat6+cat7+cat8,"['NUM', 'NOUN']","['NumType=Card', 'Gender=Masc|Number=Plur']",2,"['NUM', 'NOUN']","['NumType=Card', 'Gender=Masc|Number=Plur']",2,102.0,103.0,2,1,0,NORM-EC-CE2-2016-37-D1-S1538-V1.csv,CE2,numerals
610,12,149,158,charlotte,cat1,['ADJ'],['Gender=Fem|Number=Sing'],1,['ADJ'],['Gender=Fem|Number=Sing'],1,27.0,27.0,2,2,2,NORM-EC-CE1-2015-34-D1-S1190-V1.csv,CE1,autre
652,16,254,266,le troisième,cat3,"['DET', 'ADJ']","['Definite=Def|Gender=Masc|Number=Sing|PronType=Art', 'NumType=Ord|Number=Sing']",2,"['DET', 'ADJ']","['Definite=Def|Gender=Masc|Number=Sing|PronType=Art', 'NumType=Ord|Number=Sing']",2,47.0,48.0,1,1,0,NORM-EC-CE1-2015-37-D1-S1554-V1.csv,CE1,autre
840,11,355,359,tous,ext1+ext2,['ADJ'],['Gender=Masc|Number=Plur'],1,['ADJ'],['Gender=Masc|Number=Plur'],1,69.0,69.0,1,2,1,NORM-EC-CE1-2015-6-D1-S2035-V1.csv,CE1,autre
1290,16,469,482,tous les deux,cat+ext1,"['ADJ', 'DET', 'NUM']","['Gender=Masc|Number=Plur', 'Definite=Def|Number=Plur|PronType=Art', 'NumType=Card']",3,"['ADJ', 'DET', 'NUM']","['Gender=Masc|Number=Plur', 'Definite=Def|Number=Plur|PronType=Art', 'NumType=Card']",3,87.0,89.0,10,1,0,NORM-EC-CE2-2016-102-D1-S211-V1.csv,CE2,autre
2617,10,87,96,tous ceux,ext1,"['ADJ', 'PRON']","['Gender=Masc|Number=Plur', 'Gender=Masc|Number=Plur|PronType=Dem']",2,"['ADJ', 'PRON']","['Gender=Masc|Number=Plur', 'Gender=Masc|Number=Plur|PronType=Dem']",2,18.0,19.0,2,1,0,NORM-EC-CE2-2016-69-D1-S2886-V1.csv,CE2,autre
3010,35,925,933,les deux,cat+witch,"['DET', 'PRON']","['Definite=Def|Number=Plur|PronType=Art', 'NumType=Card']",2,"['DET', 'PRON']","['Definite=Def|Number=Plur|PronType=Art', 'NumType=Card']",2,176.0,177.0,3,1,0,NORM-EC-CE2-2016-96-D1-S1866-V1.csv,CE2,autre
654,18,353,369,Tous les voisins,ext2,"['ADJ', 'DET', 'NOUN']","['Gender=Masc|Number=Plur', 'Definite=Def|Number=Plur|PronType=Art', 'Gender=Masc|Number=Plur']",3,"['ADJ', 'DET', 'NOUN']","['Gender=Masc|Number=Plur', 'Definite=Def|Number=Plur|PronType=Art', 'Gender=Masc|Number=Plur']",3,63.0,65.0,5,1,0,NORM-EC-CE1-2015-37-D1-S1554-V1.csv,CE1,autre
